City,lats,lngs,Max Temp,Humidity,Cloudiness,Wind Speed,Country,Date
castro,-24.7911,-50.0119,61.52,68,47,8.68,BR,1624470078
santa rosa,14.3122,121.1114,80.58,86,100,4.45,PH,1624469545
barrow,71.2906,-156.7887,44.62,76,1,6.91,US,1624470001
ulaangom,49.9811,92.0667,54.68,50,27,6.46,MN,1624470078
enshi,30.3,109.4833,69.12,86,35,0.76,CN,1624470079
palana,59.1167,159.9667,42.94,82,98,1.74,RU,1624470079
tasiilaq,65.6145,-37.6368,46.56,69,96,4.14,GL,1624470079
rikitea,-23.1203,-134.9692,75.67,73,36,11.18,PF,1624470080
busselton,-33.65,115.3333,49.05,71,57,5.77,AU,1624470080
upernavik,72.7868,-56.1549,51.3,43,0,4.56,GL,1624470081
mar del plata,-38.0023,-57.5575,59.0,61,90,11.99,AR,1624469868
trelew,-43.249,-65.3051,60.76,49,78,17.67,AR,1624470081
coihaique,-45.5752,-72.0662,43.41,77,23,5.86,CL,1624470081
nikolskoye,59.7035,30.7861,89.02,44,35,8.9,RU,1624470082
craig,40.5153,-107.5464,83.39,12,1,4.61,US,1624470082
aitape,-3.1374,142.3475,76.73,87,33,4.27,PG,1624470082
cape town,-33.9258,18.4232,57.09,79,75,1.99,ZA,1624470065
hermanus,-34.4187,19.2345,54.9,67,98,5.75,ZA,1624470083
hobart,-42.8794,147.3294,53.11,87,74,4.0,AU,1624469922
kodiak,57.79,-152.4072,47.71,93,90,27.63,US,1624470084
campoverde,-8.4753,-74.8058,85.69,43,76,1.41,PE,1624470084
albany,42.6001,-73.9662,72.18,44,3,1.01,US,1624470035
tessalit,20.1986,1.0114,105.21,8,24,3.89,ML,1624470084
fort nelson,58.8053,-122.7002,67.59,52,40,4.61,CA,1624470085
mackay,-21.15,149.2,66.18,88,90,4.61,AU,1624470085
nemuro,43.3236,145.575,51.06,94,78,8.05,JP,1624470086
vaini,-21.2,-175.2,68.92,80,100,26.87,TO,1624470086
ostrovnoy,68.0531,39.5131,42.46,85,98,10.6,RU,1624470086
pula,44.8683,13.8481,86.86,54,0,5.75,HR,1624469802
avarua,-21.2078,-159.775,66.25,94,20,3.44,CK,1624470087
gamba,-2.65,10.0,73.54,85,97,6.08,GA,1624470087
saint-pierre,-21.3393,55.4781,67.64,75,0,6.91,RE,1624470088
pemba,-12.974,40.5178,75.9,69,20,6.91,MZ,1624470088
harper,4.375,-7.7169,76.06,91,100,9.51,LR,1624470088
lagunas,-5.2269,-75.6753,88.84,52,9,1.12,PE,1624470089
kysyl-syr,63.8986,122.7617,60.78,95,76,1.97,RU,1624470089
punta arenas,-53.15,-70.9167,39.31,93,75,3.44,CL,1624470089
ponta do sol,32.6667,-17.1,72.12,46,22,4.74,PT,1624470090
djibo,14.1022,-1.6306,98.67,24,20,11.72,BF,1624470090
mataura,-46.1927,168.8643,44.47,96,100,3.47,NZ,1624470090
polovinnoye,54.7914,65.9864,55.45,62,48,1.39,RU,1624470091
mazatan,14.8667,-92.45,86.07,74,75,3.44,MX,1624470091
srostki,52.4189,85.7022,49.17,88,53,8.16,RU,1624470092
alofi,-19.0595,-169.9187,66.09,100,96,3.44,NU,1624470092
hilo,19.7297,-155.09,74.8,82,90,0.0,US,1624469812
kapaa,22.0752,-159.319,76.19,97,75,5.75,US,1624470093
puerto madryn,-42.7692,-65.0385,57.88,65,81,20.98,AR,1624470052
ushuaia,-54.8,-68.3,40.62,87,40,1.14,AR,1624469993
atuona,-9.8,-139.0333,78.67,76,20,13.38,PF,1624470093
iqaluit,63.7506,-68.5145,40.73,70,75,11.01,CA,1624470094
ancud,-41.8697,-73.8203,48.42,77,62,9.51,CL,1624470094
fairbanks,64.8378,-147.7164,71.22,61,1,3.44,US,1624470002
qaanaaq,77.484,-69.3632,47.84,46,100,7.63,GL,1624470095
srikakulam,18.3,83.9,84.24,76,73,12.93,IN,1624470095
mwene-ditu,-7.0,23.45,73.56,41,28,2.08,CD,1624470096
diu,20.7141,70.9822,83.57,79,44,13.31,IN,1624470096
loandjili,-4.7561,11.8578,75.31,88,90,5.75,CG,1624470097
talaya,61.3833,152.75,49.89,78,100,3.15,RU,1624470097
deer lake,49.1667,-57.4316,78.66,78,90,12.66,CA,1624470097
haines junction,60.7522,-137.5108,57.15,58,10,3.44,CA,1624470098
boyolangu,-8.1181,111.8935,74.73,93,77,1.79,ID,1624470098
turochak,52.2576,87.1224,45.63,95,29,2.89,RU,1624470098
rathkeale,52.5244,-8.9381,66.65,63,40,6.91,IE,1624470099
jacksonville,30.3322,-81.6556,90.21,70,40,1.99,US,1624469565
san miguel,13.4833,-88.1833,89.08,87,20,2.3,SV,1624470099
port blair,11.6667,92.75,82.15,80,100,11.59,IN,1624469866
codrington,-38.2667,141.9667,45.82,94,29,9.17,AU,1624470100
westport,41.1415,-73.3579,75.81,44,1,1.01,US,1624470100
eydhafushi,5.1033,73.0708,82.22,77,90,14.61,MV,1624470100
belyy yar,53.6039,91.3903,53.49,76,0,8.95,RU,1624470101
batagay-alyta,67.8006,130.4114,58.01,73,73,5.41,RU,1624470101
saskylakh,71.9167,114.0833,45.39,49,53,11.68,RU,1624470102
tura,25.5198,90.2201,74.82,95,95,6.22,IN,1624470102
butaritari,3.0707,172.7902,84.34,66,96,12.01,KI,1624470102
coahuayana,18.7333,-103.6833,85.48,62,99,3.94,MX,1624470103
redlands,34.0556,-117.1825,87.13,39,75,11.5,US,1624470029
arraial do cabo,-22.9661,-42.0278,75.16,60,40,11.5,BR,1624470103
grindavik,63.8424,-22.4338,55.9,62,0,18.41,IS,1624470103
lanzhou,36.0564,103.7922,78.08,59,70,7.52,CN,1624470104
pevek,69.7008,170.3133,38.21,79,14,4.85,RU,1624470104
hithadhoo,-0.6,73.0833,82.6,71,69,9.55,MV,1624470105
east london,-33.0153,27.9116,61.74,82,0,12.66,ZA,1624470105
saint-philippe,-21.3585,55.7679,67.55,70,54,11.32,RE,1624470105
norman wells,65.282,-126.8329,60.84,67,20,8.05,CA,1624470106
namibe,-15.1961,12.1522,67.93,87,3,5.77,AO,1624470106
ribeira grande,38.5167,-28.7,72.0,64,40,9.22,PT,1624470106
klaksvik,62.2266,-6.589,50.92,84,55,9.31,FO,1624470107
sur,22.5667,59.5289,87.42,60,1,12.35,OM,1624470107
new norfolk,-42.7826,147.0587,52.75,85,92,2.15,AU,1624470107
cookeville,36.1628,-85.5016,78.85,53,1,1.01,US,1624469798
vanimo,-2.6741,141.3028,77.23,87,32,3.89,PG,1624470108
esperance,-33.8667,121.9,51.64,73,100,18.79,AU,1624470108
shirokiy,49.758,129.523,56.88,95,53,0.63,RU,1624470109
muroto,33.2833,134.15,71.85,82,20,4.54,JP,1624470109
kavieng,-2.5744,150.7967,81.59,79,49,9.17,PG,1624470109
preobrazheniye,42.9019,133.9064,55.83,93,6,3.4,RU,1624470110
sitka,57.0531,-135.33,55.29,76,90,6.91,US,1624469927
atherton,53.5237,-2.4935,60.78,84,100,4.0,GB,1624470110
khatanga,71.9667,102.5,55.74,45,90,10.78,RU,1624470110
tsumeb,-19.2333,17.7167,53.15,32,0,7.09,NA,1624470111
merke,42.8728,73.1786,65.14,43,3,6.38,KZ,1624470111
mayumba,-3.432,10.6554,73.56,86,78,5.14,GA,1624470112
chalon-sur-saone,46.7833,4.85,73.8,88,62,8.1,FR,1624469898
kavaratti,10.5669,72.642,82.74,76,100,16.89,IN,1624470112
victoria,22.2855,114.1577,80.65,90,100,4.0,HK,1624470067
sakakah,29.9697,40.2064,101.77,13,0,7.52,SA,1624470113
hambantota,6.1241,81.1185,80.24,78,94,16.67,LK,1624470113
berdigestyakh,62.0989,126.6992,61.97,95,92,7.47,RU,1624470114
aswan,24.0934,32.907,96.91,12,1,11.72,EG,1624470114
oskemen,49.9565,82.6119,58.96,72,90,8.95,KZ,1624470114
honiara,-9.4333,159.95,77.13,90,29,4.59,SB,1624470115
bluff,-46.6,168.3333,44.8,83,100,13.09,NZ,1624470115
pontianak,-0.0333,109.3333,75.18,100,90,4.61,ID,1624470115
kommunisticheskiy,61.6789,64.4819,48.72,52,19,1.25,RU,1624470116
kaitangata,-46.2817,169.8464,43.93,81,100,7.45,NZ,1624470116
salalah,17.0151,54.0924,80.69,83,90,4.61,OM,1624470117
caravelas,-17.7125,-39.2481,76.05,69,36,13.58,BR,1624470117
mitsamiouli,-11.3847,43.2844,76.46,67,7,10.04,KM,1624470117
limbang,4.75,115.0,78.91,96,59,1.66,MY,1624470118
lebu,-37.6167,-73.65,53.46,72,49,7.07,CL,1624470118
omsukchan,62.5333,155.8,48.0,70,100,3.96,RU,1624470118
cao bang,22.6667,106.25,77.72,96,100,2.01,VN,1624470119
jamestown,42.097,-79.2353,70.3,46,40,1.99,US,1624469894
itaueira,-7.6033,-43.0256,96.76,22,14,9.31,BR,1624470119
iquique,-20.2208,-70.1431,66.24,69,98,6.4,CL,1624470120
datong,40.0936,113.2914,64.06,84,100,3.44,CN,1624470120
chateauroux,46.8167,1.7,64.4,77,20,12.66,FR,1624470120
san rafael,-34.6177,-68.3301,59.49,34,12,11.03,AR,1624470121
talnakh,69.4865,88.3972,47.59,75,62,6.38,RU,1624470121
nanortalik,60.1432,-45.2371,47.98,87,100,19.35,GL,1624470122
morondava,-20.2833,44.2833,72.99,71,1,7.58,MG,1624470122
thayetmyo,19.3167,95.1833,78.53,84,100,5.86,MM,1624470122
skjervoy,70.0311,20.9714,59.0,71,92,2.95,NO,1624470123
port elizabeth,-33.918,25.5701,60.1,77,40,17.27,ZA,1624470123
san policarpo,12.1791,125.5072,79.57,85,100,6.4,PH,1624470123
bandundu,-3.3167,17.3667,79.3,58,95,3.98,CD,1624470124
hofn,64.2539,-15.2082,57.22,47,75,16.11,IS,1624470124
hasaki,35.7333,140.8333,66.6,77,85,9.1,JP,1624470125
oistins,13.0667,-59.5333,86.09,58,40,19.57,BB,1624469851
tigil,57.8,158.6667,45.43,95,100,4.27,RU,1624470125
superior,46.7208,-92.1041,81.01,53,1,9.22,US,1624470042
cabo san lucas,22.8909,-109.9124,93.51,51,20,8.05,MX,1624469949
mount gambier,-37.8333,140.7667,46.31,93,10,9.22,AU,1624470126
yerbogachen,61.2767,108.0108,59.65,92,97,3.78,RU,1624470126
dikson,73.5069,80.5464,34.99,90,92,7.94,RU,1624470127
zhigansk,66.7697,123.3711,62.11,81,94,14.18,RU,1624470127
tual,-5.6667,132.75,81.46,76,32,6.24,ID,1624470127
puerto ayora,-0.7393,-90.3518,78.76,89,83,3.0,EC,1624470128
davila,18.4726,120.5763,80.01,81,100,10.56,PH,1624470128
souillac,-20.5167,57.5167,70.18,60,75,10.36,MU,1624470128
jishou,28.3167,109.7167,72.23,83,81,2.44,CN,1624470129
port keats,-14.25,129.55,73.99,75,97,6.26,AU,1624470129
cockburn town,21.4612,-71.1419,80.94,74,100,17.94,TC,1624470129
necochea,-38.5473,-58.7368,58.03,79,100,12.17,AR,1624470130
mahebourg,-20.4081,57.7,70.09,60,75,10.36,MU,1624470130
thompson,55.7435,-97.8558,64.56,55,75,11.5,CA,1624470131
saint-francois,46.4154,3.9054,69.24,64,63,5.75,FR,1624470131
coquimbo,-29.9533,-71.3436,53.33,87,90,6.91,CL,1624470047
darayya,33.459,36.2374,79.56,41,0,5.17,SY,1624470132
severo-kurilsk,50.6789,156.125,42.96,92,16,5.12,RU,1624470132
acapulco,16.8634,-99.8901,85.82,74,75,6.91,MX,1624470035
tautira,-17.7333,-149.15,75.22,74,25,6.96,PF,1624470132
soe,-9.8607,124.284,64.92,96,33,2.01,ID,1624470133
padang,-0.9492,100.3543,75.85,80,35,5.08,ID,1624470133
klamath falls,42.2249,-121.7817,78.87,33,1,1.99,US,1624470134
tawau,4.2498,117.8871,77.13,94,75,1.99,MY,1624470134
tibati,6.4667,12.6333,67.3,86,85,2.53,CM,1624470134
tocopilla,-22.092,-70.1979,63.91,62,17,6.69,CL,1624470135
port lincoln,-34.7333,135.8667,56.44,76,96,28.32,AU,1624470135
tuktoyaktuk,69.4541,-133.0374,44.6,87,90,0.0,CA,1624470135
bethel,41.3712,-73.414,74.1,51,20,1.01,US,1624470118
smolenka,52.1352,113.4974,59.07,77,7,4.47,RU,1624470136
monticello,45.3055,-93.7941,83.05,52,1,0.0,US,1624469903
marovoay,-16.1,46.6333,71.74,52,64,12.24,MG,1624470136
bathsheba,13.2167,-59.5167,86.61,58,40,19.57,BB,1624470137
isangel,-19.55,169.2667,70.34,67,12,15.55,VU,1624470137
luang prabang,19.8856,102.1347,75.0,95,100,2.24,LA,1624470138
geraldton,-28.7667,114.6,46.81,87,11,8.05,AU,1624470138
bredasdorp,-34.5322,20.0403,52.92,94,95,4.61,ZA,1624470138
narsaq,60.9167,-46.05,50.22,82,100,5.7,GL,1624470139
luderitz,-26.6481,15.1594,58.14,76,0,12.1,NA,1624470139
bobon,12.5246,124.5636,78.08,82,96,3.74,PH,1624470140
koson,39.0375,65.585,80.92,14,0,15.93,UZ,1624470140
chernyshevsk,52.5243,117.0174,58.41,84,100,2.01,RU,1624470140
leshukonskoye,64.8989,45.7622,68.85,76,23,10.49,RU,1624470141
provideniya,64.3833,-173.3,54.73,67,72,2.15,RU,1624470141
walvis bay,-22.9575,14.5053,63.55,72,4,6.91,NA,1624470142
udachnyy,66.4167,112.4,61.65,70,43,7.85,RU,1624470142
chlorakas,34.8042,32.4083,74.55,81,20,9.22,CY,1624470143
riviere-au-renard,48.9957,-64.3971,66.49,63,97,19.28,CA,1624470143
havoysund,70.9963,24.6622,56.28,62,92,14.5,NO,1624470143
lavrentiya,65.5833,-171.0,47.1,77,67,1.32,RU,1624470144
yellowknife,62.456,-114.3525,50.56,53,75,14.97,CA,1624469870
wyndham,37.6985,-77.6125,77.22,47,1,1.01,US,1624470144
sulangan,11.1373,123.7228,82.94,77,100,4.72,PH,1624470144
altay,47.8667,88.1167,48.81,69,54,5.86,CN,1624470145
port alfred,-33.5906,26.891,63.12,73,35,13.22,ZA,1624470145
hamilton,39.1834,-84.5333,77.25,44,1,1.01,US,1624470019
anqing,30.5092,117.0506,73.49,72,96,3.65,CN,1624470146
shumskiy,54.8318,99.1328,53.17,97,100,6.22,RU,1624470146
raudeberg,61.9875,5.1352,58.6,73,100,12.21,NO,1624470147
broome,42.2506,-75.833,70.02,51,75,4.0,US,1624470147
smoky lake,54.1169,-112.4686,65.48,72,22,11.5,CA,1624470147
nador,35.174,-2.9287,80.67,57,0,8.05,MA,1624470148
san carlos de bariloche,-41.1456,-71.3082,46.15,66,40,18.41,AR,1624469936
faanui,-16.4833,-151.75,80.15,75,16,12.1,PF,1624470148
berlevag,70.8578,29.0864,50.0,76,40,18.41,NO,1624470149
urdoma,61.7533,48.5442,75.74,56,30,3.83,RU,1624470149
san patricio,28.017,-97.5169,90.32,52,10,12.82,US,1624470149
crotone,39.0851,17.1178,89.55,45,0,9.22,IT,1624470150
sarab,38.6066,44.9883,80.22,19,9,1.43,IR,1624470150
saint-augustin,51.226,-58.6502,56.25,98,100,6.44,CA,1624470150
maracacume,-2.0428,-45.9592,85.91,62,24,3.6,BR,1624470151
kudahuvadhoo,2.6708,72.8944,82.83,74,74,12.26,MV,1624470151
manokwari,-0.8667,134.0833,77.85,79,83,5.39,ID,1624470152
pacific grove,36.6177,-121.9166,66.6,77,90,3.0,US,1624470152
chuy,-33.6971,-53.4616,61.5,79,77,16.96,UY,1624470152
nuevo progreso,23.1667,-97.95,89.89,65,100,5.99,MX,1624470153
sorong,-0.8833,131.25,77.32,88,68,8.1,ID,1624470153
dzerzhinskoye,56.8344,95.2283,51.06,89,100,3.38,RU,1624470153
husavik,66.0449,-17.3389,46.31,82,100,9.31,IS,1624470154
aklavik,68.2191,-135.0107,64.4,52,20,8.05,CA,1624470154
skovorodino,53.9833,123.9167,59.49,94,59,1.19,RU,1624470154
japura,-0.3167,102.35,73.36,93,21,1.21,ID,1624470155
abaza,52.655,90.0928,45.12,94,16,3.42,RU,1624470155
zharkent,44.1628,80.0,65.66,30,69,2.13,KZ,1624470155
taperoa,-7.2075,-36.8267,87.91,27,1,15.08,BR,1624470156
asbe teferi,9.0833,40.8667,64.33,68,71,10.09,ET,1624470156
marawi,7.9986,124.2928,70.65,93,100,2.59,PH,1624470157
jacareacanga,-6.2222,-57.7528,91.71,52,0,4.61,BR,1624470157
rocky mount,35.9382,-77.7905,79.05,53,75,4.61,US,1624470065
fortuna,40.5982,-124.1573,71.42,77,1,3.0,US,1624469906
pangnirtung,66.1451,-65.7125,37.4,87,90,6.91,CA,1624470158
kralendijk,12.15,-68.2667,87.78,62,40,18.41,BQ,1624470158
yar-sale,66.8333,70.8333,41.5,81,89,2.57,RU,1624470158
ust-omchug,61.15,149.6333,45.88,89,100,4.79,RU,1624470159
okakarara,-20.5833,17.4333,55.08,39,0,3.51,NA,1624470159
broken hill,-31.95,141.4333,51.51,82,40,11.5,AU,1624470159
ilabaya,-17.4208,-70.5133,69.64,41,88,9.17,PE,1624470160
tiksi,71.6872,128.8694,35.6,86,74,16.44,RU,1624470160
srednekolymsk,67.45,153.6833,59.54,67,86,6.69,RU,1624470161
soure,-0.7167,-48.5233,83.17,69,18,6.55,BR,1624470161
sorland,67.667,12.6934,53.67,83,100,18.12,NO,1624470161
kamenka,51.3223,42.7678,76.23,64,39,4.43,RU,1624470162
williamsport,41.2412,-77.0011,74.82,56,75,1.99,US,1624470162
pleasanton,37.6624,-121.8747,75.87,58,1,1.99,US,1624470004
panguna,-6.3164,155.4848,67.64,96,93,2.19,PG,1624470163
leningradskiy,69.3833,178.4167,42.62,71,5,6.13,RU,1624470163
santa lucia,27.9117,-15.5407,68.76,71,75,26.46,ES,1624470163
katsuura,35.1333,140.3,71.19,85,82,9.42,JP,1624470164
sinop,41.7711,34.8709,62.91,88,95,1.9,TR,1624470164
dauphin,51.1494,-100.0502,69.94,68,75,8.05,CA,1624470165
nhulunbuy,-12.2333,136.7667,77.61,88,90,5.75,AU,1624470165
ihosy,-22.4,46.1167,56.16,91,8,5.21,MG,1624470165
rocha,-34.4833,-54.3333,60.87,79,66,15.12,UY,1624470166
kirakira,-10.4544,161.9205,78.24,86,100,9.98,SB,1624470166
roald,62.5833,6.1333,60.17,87,75,5.75,NO,1624470166
choma,-16.8065,26.9531,55.58,62,13,5.1,ZM,1624470167
honghu,29.8206,113.4621,74.55,72,12,3.65,CN,1624470167
los llanos de aridane,28.6585,-17.9182,69.55,75,75,16.11,ES,1624470167
turayf,31.6725,38.6637,89.85,22,0,11.5,SA,1624470168
loiza,18.4313,-65.8802,87.87,70,75,17.27,PR,1624470168
seymchan,62.8833,152.4333,55.15,73,100,2.3,RU,1624470169
georgetown,5.4112,100.3354,80.53,92,40,1.01,MY,1624470023
monteagudo,-19.8167,-63.9833,73.18,28,25,6.78,BO,1624470169
keti bandar,24.1447,67.4497,83.25,73,56,15.9,PK,1624470169
nacozari,25.3366,-108.2574,91.11,55,33,13.2,MX,1624470170
maceio,-9.6658,-35.7353,76.44,83,75,9.22,BR,1624469930
villa rica,33.7321,-84.9191,84.42,59,0,2.89,US,1624470170
sao gabriel da cachoeira,-0.1303,-67.0892,84.0,70,40,4.61,BR,1624470171
camacha,33.0833,-16.3333,66.96,64,40,16.11,PT,1624470171
kautokeino,69.0125,23.0412,60.35,46,63,8.93,NO,1624470171
jiuquan,39.7432,98.5174,68.94,43,100,6.91,CN,1624470172
mount isa,-20.7333,139.5,73.17,56,90,8.05,AU,1624470172
turukhansk,65.8167,87.9833,48.43,81,98,9.51,RU,1624470172
lodwar,3.1191,35.5973,85.78,33,5,18.81,KE,1624470173
katangli,51.7102,143.2326,42.94,92,89,7.2,RU,1624470173
anchorage,61.2181,-149.9003,59.95,65,40,1.99,US,1624470030
martapura,-3.4167,114.85,77.09,100,23,0.0,ID,1624470174
palmer,42.1584,-72.3287,74.28,41,40,1.99,US,1624470174
ondjiva,-17.0667,15.7333,60.89,31,0,4.74,AO,1624470174
college,64.8569,-147.8028,71.2,61,20,5.75,US,1624470017
somanda,-3.3667,33.95,72.75,40,34,6.38,TZ,1624470175
abonnema,4.7084,6.7931,74.37,91,97,5.37,NG,1624470175
baykit,61.67,96.37,56.08,67,68,4.38,RU,1624470176
airai,-8.9266,125.4092,59.27,96,79,1.32,TL,1624470176
manaure,11.7751,-72.4445,87.31,59,34,12.73,CO,1624470176
dudinka,69.4058,86.1778,43.72,77,89,2.73,RU,1624470177
pekan,3.4836,103.3996,77.11,84,93,1.99,MY,1624470177
touros,-5.1989,-35.4608,85.1,59,5,17.56,BR,1624470178
bambous virieux,-20.3428,57.7575,70.05,60,75,10.36,MU,1624470178
ilulissat,69.2167,-51.1,50.02,81,75,19.57,GL,1624470178
ahipara,-35.1667,173.1667,47.34,82,13,3.51,NZ,1624470179
cidreira,-30.1811,-50.2056,63.03,84,90,17.18,BR,1624470179
balikpapan,-1.2675,116.8289,74.89,85,12,2.06,ID,1624470036
pisco,-13.7,-76.2167,68.05,73,75,13.8,PE,1624470180
barcelos,41.5388,-8.6151,77.92,49,30,11.5,PT,1624470180
iisalmi,63.5592,27.1907,66.22,95,100,7.18,FI,1624470180
moron,-34.6534,-58.6198,61.02,90,90,3.0,AR,1624470128
comodoro rivadavia,-45.8667,-67.5,48.06,71,20,10.36,AR,1624470181
ambur,12.7833,78.7,87.24,41,100,7.2,IN,1624470181
te anau,-45.4167,167.7167,43.81,92,100,4.92,NZ,1624470182
santa marta,11.2408,-74.199,86.05,74,40,5.75,CO,1624470182
maneadero,31.7167,-116.5667,75.18,82,82,4.0,MX,1624470182
horki,54.2861,30.9842,76.69,77,12,5.35,BY,1624470183
mangochi,-14.4782,35.2645,68.79,54,18,2.66,MW,1624470183
vestmannaeyjar,63.4427,-20.2734,59.99,44,0,16.11,IS,1624470184
apple valley,34.5008,-117.1859,83.7,33,100,9.57,US,1624470007
longyearbyen,78.2186,15.6401,37.24,87,75,14.97,SJ,1624470074
lompoc,34.6391,-120.4579,77.13,72,20,0.0,US,1624470184
libreville,0.3925,9.4537,77.02,94,75,2.3,GA,1624469993
miri,4.4148,114.0089,78.94,89,40,1.14,MY,1624470185
aquiraz,-3.9014,-38.3911,86.09,67,33,8.7,BR,1624470185
khandyga,62.6667,135.6,56.3,83,92,5.23,RU,1624470186
carnarvon,-24.8667,113.6333,46.47,53,0,8.05,AU,1624470179
natitingou,10.3042,1.3796,78.85,60,100,1.41,BJ,1624470186
komsomolskiy,40.4272,71.7189,78.22,22,0,4.61,UZ,1624470186
kruisfontein,-34.0033,24.7314,57.88,77,63,10.51,ZA,1624470187
conakry,9.538,-13.6773,82.47,74,75,2.3,GN,1624469990
pleasant point,-44.2667,171.1333,38.28,97,100,5.82,NZ,1624470188
mackenzie,55.2999,-123.1698,64.62,48,1,4.61,CA,1624470188
ambunti,-4.2365,142.8448,72.25,99,20,1.23,PG,1624470188
kurilsk,45.2333,147.8833,49.17,85,11,7.76,RU,1624470189
goroka,-6.0834,145.3873,57.76,96,84,0.81,PG,1624470189
cherskiy,68.75,161.3,51.8,48,58,7.25,RU,1624470190
tomatlan,19.9333,-105.25,86.85,63,100,3.0,MX,1624470190
bengkulu,-3.8004,102.2655,75.25,90,100,4.45,ID,1624470190
ravar,31.2656,56.8055,84.04,9,0,7.05,IR,1624470191
pangody,65.85,74.4859,38.48,96,100,1.48,RU,1624470191
minab,27.1467,57.0801,92.7,46,0,3.71,IR,1624470192
marrakesh,31.6315,-8.0083,89.67,29,20,5.75,MA,1624470192
port hedland,-20.3167,118.5667,48.25,81,36,9.22,AU,1624470192
tuatapere,-46.1333,167.6833,44.82,90,100,6.51,NZ,1624470193
talcahuano,-36.7167,-73.1167,56.88,67,40,9.22,CL,1624470193
camana,-16.6228,-72.7111,63.43,77,91,9.93,PE,1624470193
kununurra,-15.7667,128.7333,73.38,68,90,5.75,AU,1624470194
santiago del estero,-27.7951,-64.2615,69.42,54,66,8.39,AR,1624470085
ingham,42.6,-84.3833,69.75,78,90,4.61,US,1624470194
worthington,40.0931,-83.018,77.02,42,75,1.01,US,1624469970
torbay,47.6666,-52.7314,76.87,83,75,25.32,CA,1624470195
lagoa,39.05,-27.9833,67.19,74,60,10.02,PT,1624470195
diego de almagro,-26.3667,-70.05,55.08,46,19,8.23,CL,1624470196
chicaman,15.4,-90.7667,79.92,69,52,1.61,GT,1624470196
yulara,-25.2406,130.9889,40.84,87,0,1.14,AU,1624470197
thionville,49.3333,6.3333,70.99,71,76,5.53,FR,1624470197
piacabucu,-10.4056,-36.4344,79.84,72,20,8.14,BR,1624470197
tilichiki,60.4667,166.1,50.27,68,61,4.92,RU,1624470198
sao miguel do tapuio,-5.5036,-41.3233,96.87,22,2,8.08,BR,1624470198
parati,-23.2178,-44.7131,79.7,90,80,2.51,BR,1624470199
ilinskiy,55.619,38.1182,88.38,42,0,2.24,RU,1624470199
adrar,20.5022,-10.0711,102.72,9,18,13.94,MR,1624470199
chanute,37.6792,-95.4572,84.45,57,1,16.11,US,1624470200
portland,45.5234,-122.6762,75.0,63,20,1.99,US,1624469831
la ronge,55.1001,-105.2842,64.62,48,75,18.41,CA,1624470200
tynda,55.1667,124.7167,57.42,91,95,1.88,RU,1624470201
charters towers,-20.1,146.2667,59.11,95,78,6.4,AU,1624470201
margate,51.3813,1.3862,66.33,61,92,6.93,GB,1624470201
setermoen,68.861,18.3486,64.36,55,94,4.59,NO,1624470202
sawtell,-30.3833,153.1,64.18,79,100,6.91,AU,1624470202
perg,48.25,14.6333,80.15,73,47,9.71,AT,1624470202
oranjestad,12.524,-70.027,87.75,62,75,18.41,AW,1624470203
sotnikovo,51.8845,107.4791,64.49,72,93,4.47,RU,1624470203
fort smith,35.3859,-94.3986,84.69,58,90,4.0,US,1624470203
manoel urbano,-8.8389,-69.2597,93.13,37,36,1.74,BR,1624470204
penarroya-pueblonuevo,38.3,-5.2667,86.11,22,0,8.43,ES,1624470204
sao filipe,14.8961,-24.4956,75.47,75,29,9.35,CV,1624470205
biak,-0.9131,122.8766,75.67,86,40,3.02,ID,1624470205
guerrero negro,27.9769,-114.0611,76.33,60,3,5.88,MX,1624470206
dingle,10.9995,122.6711,76.69,89,100,2.15,PH,1624470206
agadir,30.4202,-9.5982,79.25,58,0,4.81,MA,1624470206
kaputa,-8.4689,29.6619,71.02,51,14,3.51,ZM,1624470207
namatanai,-3.6667,152.4333,78.75,84,75,3.51,PG,1624470207
muros,42.7762,-9.0603,71.69,59,40,15.21,ES,1624470207
skoghall,59.3232,13.4655,63.16,88,90,2.3,SE,1624470208
effingham,32.3669,-81.3332,87.75,32,1,4.0,US,1624470208
stony mountain,50.0864,-97.2196,87.67,29,75,14.97,CA,1624470191
armidale,-30.5167,151.65,47.8,79,100,9.15,AU,1624470209
wanning,18.8003,110.3967,81.86,89,100,9.64,CN,1624470209
verkhoyansk,67.5447,133.385,66.45,67,99,2.62,RU,1624470209
poum,-20.2333,164.0167,71.58,63,75,13.62,NC,1624470210
san pedro,14.35,121.0167,79.83,86,75,4.61,PH,1624470210
abu dhabi,24.4667,54.3667,100.51,63,0,8.05,AE,1624469930
cayenne,4.9333,-52.3333,84.24,78,40,7.0,GF,1624470211
jalu,29.0331,21.5482,99.18,15,0,10.13,LY,1624470211
constitucion,-35.3333,-72.4167,54.16,83,76,3.11,CL,1624470211
baghdad,33.3406,44.4009,98.51,16,0,16.11,IQ,1624470176
kenai,60.5544,-151.2583,58.08,62,20,8.05,US,1624470212
taltal,-25.4,-70.4833,60.48,64,57,3.8,CL,1624470213
vila franca do campo,37.7167,-25.4333,68.41,67,76,2.15,PT,1624470213
denpasar,-8.65,115.2167,80.26,94,75,10.36,ID,1624469979
gigmoto,13.7796,124.39,81.43,82,100,6.89,PH,1624470214
lahij,13.1667,44.5833,91.51,35,100,5.17,YE,1624470214
bemidji,47.4736,-94.8803,82.69,43,1,13.8,US,1624470214
dicabisagan,17.0818,122.4157,78.31,86,100,4.23,PH,1624470215
lardos,36.0942,28.0157,84.02,62,0,13.76,GR,1624470215
gannan,47.9147,123.5031,67.48,62,65,5.73,CN,1624470215
saint george,37.1041,-113.5841,96.64,16,1,5.99,US,1624470216
xuanhua,40.6103,115.0447,67.44,77,99,2.8,CN,1624470216
bambanglipuro,-7.95,110.2833,56.61,91,62,5.1,ID,1624470217
sao raimundo nonato,-9.0153,-42.6994,91.17,29,54,8.48,BR,1624470217
linxia,35.6003,103.2064,64.04,75,98,1.83,CN,1624470217
yumen,40.2833,97.2,69.31,42,100,4.41,CN,1624470218
krasnoselkup,65.7,82.4667,42.98,78,71,8.48,RU,1624470218
opuwo,-18.0607,13.84,63.0,32,0,8.77,NA,1624470218
sechura,-5.5569,-80.8222,78.26,57,45,10.31,PE,1624470219
emirdag,39.0197,31.15,67.84,68,68,7.34,TR,1624470219
mirnyy,62.5353,113.9611,63.81,70,22,3.89,RU,1624470219
tolaga bay,-38.3667,178.3,45.97,87,31,5.21,NZ,1624470220
la libertad,-2.2333,-80.9,74.86,78,75,9.22,EC,1624470220
korem,12.5058,39.5228,64.38,45,34,4.09,ET,1624470220
luganville,-15.5333,167.1667,75.56,77,99,12.95,VU,1624470221
gemena,3.25,19.7667,69.44,95,97,2.13,CD,1624470221
nantucket,41.2835,-70.0995,71.62,56,1,10.36,US,1624470222
port hardy,50.6996,-127.4199,59.18,82,75,5.75,CA,1624470222
sabang,5.8933,95.3214,82.62,75,71,9.95,ID,1624470222
moerai,-22.4333,-151.3333,73.83,71,1,7.9,PF,1624470223
lata,40.1629,-8.3327,80.04,45,0,8.7,PT,1624470223
izbiceni,43.8333,24.65,90.21,61,0,7.36,RO,1624470223
sampit,-2.5333,112.95,74.91,97,69,0.31,ID,1624470224
ostroh,50.3294,26.5143,77.68,73,15,2.08,UA,1624470224
napier,-39.4833,176.9167,39.24,79,51,4.45,NZ,1624469971
funtua,11.5233,7.3081,83.41,44,36,2.51,NG,1624470225
smidovich,48.6,133.8167,61.61,91,89,5.32,RU,1624470225
oranjemund,-28.55,16.4333,57.09,82,1,8.77,NA,1624470225
cervo,43.6702,-7.4101,64.2,73,41,10.13,ES,1624470226
nchelenge,-9.3451,28.734,69.87,62,8,1.61,ZM,1624470226
petropavlovsk-kamchatskiy,53.0452,158.6483,41.59,100,20,6.71,RU,1624470184
quballat,36.5418,9.6633,75.42,47,80,5.1,TN,1624470227
henties bay,-22.116,14.2845,59.86,85,1,8.99,NA,1624470227
merauke,-8.4667,140.3333,75.16,91,92,9.31,ID,1624470228
galiakot,23.5167,74.0,82.96,74,96,5.79,IN,1624470228
harnosand,62.6323,17.9379,64.42,84,83,5.21,SE,1624470228
the valley,18.217,-63.0578,86.14,66,40,17.27,AI,1624470229
znamenskoye,57.1281,73.8282,46.71,78,50,6.17,RU,1624470229
tartagal,-22.5164,-63.8013,69.94,49,99,2.53,AR,1624470229
moussoro,13.6408,16.4901,94.86,31,99,13.24,TD,1624470230
bilibino,68.0546,166.4372,60.98,54,12,2.59,RU,1624470230
abha,18.2164,42.5053,80.85,6,20,12.66,SA,1624470230
paratinga,-12.6906,-43.1842,93.97,21,0,3.09,BR,1624470231
hienghene,-20.6833,164.9333,66.02,71,63,12.77,NC,1624470231
kiunga,-6.1219,141.2906,73.11,100,95,1.88,PG,1624470231
turbat,26.0023,63.044,88.81,49,0,11.52,PK,1624470232
inuvik,68.3499,-133.7218,64.44,50,1,3.44,CA,1624470232
korla,41.7597,86.1469,75.81,25,2,7.38,CN,1624470232
lovozero,68.005,35.0117,54.36,69,87,11.86,RU,1624470233
almaznyy,48.0448,40.045,84.34,47,13,16.8,RU,1624470233
bonavista,48.6499,-53.1147,77.0,80,65,20.76,CA,1624470234
maragogi,-9.0122,-35.2225,79.59,74,38,8.52,BR,1624470234
vizinga,61.0749,50.1031,76.33,60,84,2.04,RU,1624470234
lewistown,40.5992,-77.5714,75.25,35,75,0.0,US,1624470055
lorengau,-2.0226,147.2712,80.78,78,68,3.42,PG,1624470235
north bend,43.4065,-124.2243,60.85,91,90,6.91,US,1624470131
syracuse,37.0881,15.2792,97.61,52,40,2.01,IT,1624470235
andenes,69.3143,16.1194,60.08,58,75,4.61,NO,1624470236
saldanha,-33.0117,17.9442,55.45,76,100,9.4,ZA,1624470236
kamaishi,39.2667,141.8833,61.95,92,98,6.06,JP,1624470236
mzimba,-11.9,33.6,60.93,62,88,9.64,MW,1624470237
bulle,46.6195,7.0567,64.85,82,100,3.36,CH,1624470237
xining,36.6167,101.7667,64.69,56,99,4.0,CN,1624470238
chapais,49.7834,-74.8492,53.38,39,58,9.98,CA,1624470238
ngaoundere,7.3167,13.5833,65.01,86,69,2.19,CM,1624470238
port said,31.2565,32.2841,78.78,73,0,8.05,EG,1624470239
clyde river,70.4692,-68.5914,37.63,93,90,16.11,CA,1624470064
awjilah,29.1081,21.2869,99.19,15,0,9.35,LY,1624470239
naze,28.3667,129.4833,72.73,79,3,7.14,JP,1624470239
ishim,56.1128,69.4902,47.08,91,97,7.49,RU,1624470240
kloulklubed,7.0419,134.2556,77.5,70,80,5.53,PW,1624470240
sharanga,57.1775,46.5396,73.85,69,41,4.68,RU,1624470241
thung song,8.1645,99.6804,76.15,83,99,4.18,TH,1624470241
beisfjord,68.3751,17.5988,60.85,71,94,5.01,NO,1624470242
verkhnechusovskiye gorodki,58.1671,57.1086,64.15,72,6,0.25,RU,1624470242
cabedelo,-6.9811,-34.8339,83.07,67,8,14.61,BR,1624470242
chumikan,54.7183,135.315,39.43,95,93,0.87,RU,1624470243
sinnamary,5.3833,-52.95,83.19,55,75,7.36,GF,1624470243
luis correia,-2.8792,-41.6669,86.0,70,20,9.22,BR,1624470243
nelson bay,-32.7167,152.15,58.1,86,99,1.01,AU,1624470244
tamale,9.4008,-0.8393,86.23,55,80,8.61,GH,1624470244
soyaux,45.65,0.2,66.79,71,75,11.5,FR,1624470244
chokurdakh,70.6333,147.9167,68.2,40,26,5.5,RU,1624470245
sabaudia,41.3003,13.0282,87.89,63,77,4.0,IT,1624470245
kovur,14.4833,79.9833,87.93,57,99,12.3,IN,1624470246
ipaussu,-23.0553,-49.6284,73.92,44,37,8.5,BR,1624470168
pithoragarh,29.5833,80.2167,66.04,89,6,1.92,IN,1624470246
novopokrovka,49.8425,36.5477,79.18,84,98,7.83,UA,1624470246
carutapera,-1.195,-46.02,81.39,79,73,5.77,BR,1624470247
ust-nera,64.5667,143.2,54.39,56,9,2.42,RU,1624470247
rorvik,64.8621,11.2373,57.18,82,75,10.36,NO,1624470247
ugleuralskiy,58.9534,57.5846,55.18,65,5,1.97,RU,1624470248
ust-tsilma,65.441,52.1498,64.02,91,47,8.61,RU,1624470248
kokstad,-30.5472,29.4241,51.89,50,59,3.87,ZA,1624470249
panama city,8.9936,-79.5197,89.55,71,40,4.61,PA,1624470249
slonim,53.0867,25.3219,78.57,74,30,3.83,BY,1624470249
kahului,20.8947,-156.47,78.84,77,40,0.0,US,1624470250
meulaboh,4.1363,96.1285,76.98,80,99,4.54,ID,1624470250
raga,8.4596,25.678,71.24,92,90,1.34,SS,1624470251
leh,34.1667,77.5833,53.91,30,22,5.17,IN,1624470251
pathein,16.7833,94.7333,77.43,86,100,7.85,MM,1624470251
sola,-13.8833,167.55,78.82,75,99,28.79,VU,1624470252
san javier,37.8063,-0.8374,79.29,73,75,5.01,ES,1624470252
karratha,-20.7377,116.8463,58.64,37,33,13.35,AU,1624470252
flinders,-34.5833,150.8552,59.38,81,100,1.01,AU,1624470253
gejiu,23.306,103.1635,58.93,96,100,1.92,CN,1624470253
tarauaca,-8.1614,-70.7656,91.54,40,97,1.12,BR,1624470254
poya,-21.35,165.15,64.11,73,35,5.61,NC,1624470254
pitimbu,-7.4706,-34.8086,82.99,65,55,14.38,BR,1624470254
luba,3.4568,8.5547,76.89,89,100,8.5,GQ,1624470255
seoul,37.5683,126.9778,67.57,88,40,6.91,KR,1624470051
rondonopolis,-16.4708,-54.6356,96.73,19,71,6.55,BR,1624470255
suez,29.9737,32.5263,80.15,50,0,14.09,EG,1624470256
xai-xai,-25.0519,33.6442,66.02,76,3,9.37,MZ,1624470256
tshela,-4.9833,12.9333,75.09,77,77,5.19,CD,1624470256
miraflores,19.2167,-98.8083,71.02,57,100,3.78,MX,1624470257
arcoverde,-8.4189,-37.0539,80.28,47,70,9.66,BR,1624470257
selfoss,63.9331,-20.9971,59.88,56,53,10.51,IS,1624470257
morden,49.1919,-98.1014,89.1,28,38,14.97,CA,1624470054
bulgan,48.8125,103.5347,58.98,86,92,4.85,MN,1624470258
quatre cocos,-20.2078,57.7625,69.91,59,13,14.7,MU,1624470258
yinchuan,38.4681,106.2731,78.75,36,36,9.93,CN,1624470176
staryy nadym,65.6118,72.6842,39.54,89,100,2.08,RU,1624470259
nouadhibou,20.931,-17.0347,75.18,60,92,24.16,MR,1624470259
gilgit,35.9221,74.3087,66.11,67,99,0.94,PK,1624470260
bethanien,-26.502,17.1583,59.7,44,0,9.33,NA,1624470260
buala,-8.145,159.5921,78.89,86,70,8.68,SB,1624470260
cedar city,37.6775,-113.0619,82.4,18,1,5.75,US,1624470261
kismayo,-0.3582,42.5454,76.71,84,46,17.92,SO,1624470261
pafos,34.7667,32.4167,76.78,78,20,10.36,CY,1624469981
ranong,9.9658,98.6348,78.06,83,98,7.94,TH,1624470261
atambua,-9.1061,124.8925,72.54,90,63,3.22,ID,1624470262
mahibadhoo,3.7833,72.9667,82.62,75,86,12.46,MV,1624470263
chon daen,16.1895,100.8596,77.23,92,100,2.42,TH,1624470263
usogorsk,63.4106,48.6872,73.6,63,25,4.21,RU,1624470263
tiznit,29.5833,-9.5,66.72,66,0,7.81,MA,1624470264
bereda,43.2686,-7.5406,63.0,72,49,7.29,ES,1624470264
posse,-14.0931,-46.3694,87.13,22,0,8.34,BR,1624470264
sandur,15.1,76.55,77.18,75,95,16.8,IN,1624470265
ati,13.2154,18.3353,94.78,32,97,5.82,TD,1624470265
manzhouli,49.6,117.4333,62.11,70,9,4.12,CN,1624470265
amapa,1.0,-52.0,88.97,42,8,3.42,BR,1624470266
troitskoye,52.9821,84.6757,49.23,91,63,8.99,RU,1624470266
morant bay,17.8815,-76.4093,87.62,67,51,9.86,JM,1624470266
chunhuhub,19.55,-88.6833,95.99,37,37,7.76,MX,1624470267
oktyabrskiy,54.4815,53.471,66.09,89,99,4.23,RU,1624470267
newton,42.337,-71.2092,74.62,43,75,4.0,US,1624470268
phan thiet,10.9333,108.1,78.3,85,61,9.42,VN,1624470268
kut chap,17.4257,102.5669,76.69,86,100,4.12,TH,1624470268
ola,59.5833,151.2833,47.71,90,100,6.35,RU,1624470269
satipo,-11.2522,-74.6386,87.04,46,47,2.68,PE,1624470269
canavieiras,-15.675,-38.9472,78.76,83,45,10.36,BR,1624470269
grafton,42.207,-71.6856,73.38,49,20,1.99,US,1624470270
victor harbor,-35.5667,138.6167,53.69,81,35,5.01,AU,1624470270
troitsko-pechorsk,62.7084,56.1964,61.9,73,50,4.88,RU,1624470270
wuwei,37.9281,102.6414,67.01,61,100,11.14,CN,1624470271
jijiga,9.35,42.8,63.5,71,78,17.52,ET,1624470271
martan-chu,43.0637,45.5622,75.09,61,0,4.52,RU,1624470272
sistranda,63.7256,8.834,54.9,87,100,11.34,NO,1624470272
kita,13.0349,-9.4895,96.93,28,38,6.91,ML,1624470272
zyryanka,65.75,150.85,59.76,63,73,1.52,RU,1624470273
pout,14.7739,-17.0603,84.96,61,0,13.8,SN,1624470273
omboue,-1.5746,9.2618,73.98,86,99,7.25,GA,1624470273
dongsheng,39.8161,109.9776,72.27,47,95,7.83,CN,1624470274
hami,42.8,93.45,78.48,22,80,3.33,CN,1624470274
port augusta,-32.5,137.7667,53.71,70,30,20.85,AU,1624470274
